Title,MSKU,Fulfillment,Inbound Qty,On Hand,Unlisted Qty,Cost/Unit,Total Value
Livewire Advantage Instrument Cable 10 ft. Black,1058619763,FBA,0,27,0,10.48,282.96
Brooktown High: Senior Year - Sony PSP,1068811450,FBA,0,24,0,5.10,122.40
Fortnite Minty Legends Pack(code in Box),1067108753,FBA,0,23,0,39.99,919.77
FIFA 19/NHL 19 Bundle PlayStation 4,1068329356,FBA,0,16,0,11.16,178.56
Sniper Ghost Warrior: Contracts PS4,1068949078,FBA,0,15,0,14.00,210.00
Dora Big Birthday Adventure,1064901508,FBA,0,13,0,6.50,84.50
Epic Games Fortnite - Anime Legends - Xbox,1071517349,FBA,0,11,0,19.99,219.89
Prince of Persia: The Forgotten Sands - Playstation 3,1070891232,FBA,0,11,0,15.99,175.89
Monster Energy Supercross 4 - Xbox One,1071283751,FBA,0,11,0,9.81,107.89
"Harmony Good Dog Ceramic Dog Bowl, 1 Cup",1058392679,FBA,0,11,0,5.99,65.89
"18"" Bendable Muslin DollNew by: CC",1030912249,FBA,0,10,0,8.99,89.90
FIFA 16 - Standard Edition - PlayStation 3,1041856993,FBA,0,10,0,14.82,148.23
art of rally collector's edition - Nintendo Switch,1071133149,FBA,0,10,0,33.00,330.00
The Sims 4 - Xbox One,1039345443,FBA,0,9,0,13.72,123.51
MLB The Show 22 for PlayStation 4,1071453881,FBA,0,9,0,22.04,198.33
My Universe: Puppies and Kittens - PlayStation 4,1071379580,FBA,0,8,0,9.55,76.40
LEGO Harry Potter: Years 5-7 - Playstation 3,1043651512,FBA,0,8,0,15.20,121.63
Just Dance 4 - Nintendo Wii U,1041418978,FBA,0,8,0,26.92,215.33
Kinect Rush: A Disney Pixar Adventure - Xbox 360,1068811430,FBA,0,7,0,22.32,156.21
Major League Baseball 2K11 - PlayStation 2,1071453875,FBA,0,7,0,6.88,48.16
The Evil Within 2 - PlayStation 4,SL-PUBB-W1F6,FBA,0,6,0,18.50,110.98
Monster Energy Supercross 5 - PlayStation 5,1071133144,FBA,0,6,0,16.95,101.70
Miraculous: Rise of the Sphinx - PlayStation 5,1071379588,FBA,0,6,0,14.94,89.65
Tekken 6,1070625053,FBA,0,6,0,24.66,147.96
Final Fantasy VII: Remake - PlayStation 4,1067893319,FBA,0,6,0,18.15,108.88
Sniper: Ghost Warrior - Contracts 2 - PlayStation 4,1068811462,FBA,0,6,0,15.55,93.30
AC/DC Live: Rock Band Track Pack - Nintendo Wii,1070625065,FBA,0,6,0,15.60,93.61
Scooby Doo First Frights - Nintendo Wii,1036663472,FBA,0,6,0,22.10,132.59
Cobra Kai Karate Kid Saga - PS4 - PlayStation 4,1070891175,FBA,0,6,0,11.04,66.24
EA SPORTS WRC - Xbox Series X,1068811429,FBA,0,6,0,16.92,101.52
Pac-Man and the Ghostly Adventures - Nintendo 3DS,1070891246,FBA,0,5,0,26.25,131.25
Monster Energy Supercross – The Official Videogame 2 Day One Edition,1029328757,FBA,0,5,0,11.85,59.23
Among Us: Crewmate Edition (PS4) - PlayStation 4,1069890483,FBA,0,5,0,14.45,72.25
NEW Just Dance 3 Wii (Videogame Software),1044972247,FBA,0,5,0,17.60,88.00
B07MTZN8P3 AmazonUs/BETH3,1042884901,FBA,0,5,0,17.15,85.76
Wii Music,1038680538,FBA,0,5,0,17.54,87.70
NBA 2K22 - Nintendo Switch,1068329369,FBA,0,5,0,14.23,71.16
Bravely Second: End Layer - Nintendo 3DS,1068811468,FBA,0,5,0,25.15,125.77
Tom Clancy's Ghost Recon Breakpoint Steelbook Gold Edition - Xbox One,1032602113,FBA,0,5,0,35.99,179.95
Just Dance Kids 2 - Playstation 3,1070891228,FBA,0,5,0,14.71,73.57
KeyWe - Xbox Series X,1070891171,FBA,0,5,0,12.95,64.75
Sound Percussion Labs Hickory Drumsticks 4-Pack 5A Wood,PT-ANK4-X0M5,FBA,0,4,0,15.99,63.96
Teenage Mutant Ninja Turtles Cowabunga Collection NSW,1071453888,FBA,0,4,0,17.10,68.40
Game Party: In Motion - Xbox 360,1068002549,FBA,0,4,0,10.44,41.74
Monster Hunter: World - Xbox One Standard Edition,1035764639,FBA,0,4,0,17.97,71.88
Mysteries In Paradise,1063376137,FBA,0,4,0,8.35,33.40
"Ergodyne GloWear 8289 Safety T-Shirt, High Visibility Polyester, ANSI-Compliant Reflective, Chest Pocket, Type R, Class 2",1066393116,FBA,0,4,0,3.16,12.64
Judgment - PlayStation 4,1070891219,FBA,0,4,0,23.35,93.41
Zumba Fitness World Party - Xbox 360,1071454110,FBA,0,4,0,13.97,55.88
Miraculous: Rise of the Sphinx - PlayStation 4,1071517350,FBA,0,4,0,9.00,36.00
Diablo III: Ultimate Evil Edition - PlayStation 4,HL-H60V-NB97,FBA,0,4,0,18.50,74.00
Paleo Pines: The Dino Valley (XSX),1071283752,FBA,0,4,0,18.36,73.43
Vampire: The Masquerade - Swansong (PS5),1070891215,FBA,0,4,0,21.00,84.00
Monster Hunter Rise - Nintendo Switch Standard Edition,1070280039,FBA,0,4,0,16.47,65.88
Game Party 2 - Nintendo Wii,1030268125,FBA,0,4,0,15.12,60.48
Madden NFL 21 MVP Edition - PlayStation 4,1045849236,FBA,0,4,0,8.50,34.00
PS3 NCAA FOOTBALL 13,1066662989,FBA,0,4,0,25.60,102.40
Ranchmark OpenX Dual Blade Universal Package Opener 7L x 1 1/2H inches,1070175672,FBA,0,3,0,7.69,23.07
ULTIMATE I SPY WII,36-1RA6-VMJR,FBA,0,3,0,11.81,35.43
Just Dance 2015 - Xbox One,1068811461,FBA,0,3,0,11.16,33.47
Madden NFL 17 - Standard Edition - PlayStation 4,1063376545,FBA,0,3,0,15.08,45.24
Assassin's Creed IV Black Flag - PC,1070891237,FBA,0,3,0,18.94,56.82
Balan Wonderworld - Nintendo Switch,1071283725,FBA,0,3,0,11.96,35.89
Dragon Ball Fighterz - Xbox One,1071133179,FBA,0,3,0,21.38,64.13
Just Dance 2014 - Xbox 360,1035888642,FBA,0,3,0,13.99,41.97
ICE AGE: Scrat's Nutty Adventure - Xbox One,1071453895,FBA,0,3,0,19.99,59.97
Monsters vs. Aliens - PlayStation 2,1071047156,FBA,0,3,0,14.55,43.65
Pac-Man Party - Nintendo Wii,1041266555,FBA,0,3,0,24.36,73.08
TrackMania Turbo - Xbox One,1063375686,FBA,0,3,0,10.42,31.27
Paw Patrol The Movie Adventure City Calls - PlayStation 4,1071047168,FBA,0,3,0,14.38,43.15
Transformers: Revenge of the Fallen - PC,1070891244,FBA,0,3,0,29.56,88.68
"Harmony Good Dog Ceramic Dog Bowl, 6 Cups",1051249032,FBA,0,3,0,10.99,32.97
Gears 5: Standard Edition – Xbox One,1045507690,FBA,0,3,0,19.35,58.06
Yakuza 0 - PlayStation Hits - PlayStation 4,1070280032,FBA,0,3,0,16.99,50.97
"Anno 1800 - Standard Edition, PlayStation 5",1069286287,FBA,0,3,0,16.04,48.13
WWE 2K16 - Xbox 360,1071283742,FBA,0,3,0,24.41,73.23
Five Nights at Freddy's: Security Breach (PS4),1071283718,FBA,0,3,0,16.20,48.60
The Last Kids On Earth and the Staff of Doom - PlayStation 4,1055009413,FBA,0,3,0,15.02,45.06
Cloudy with a Chance of Meatballs - Sony PSP,1070891174,FBA,0,3,0,19.83,59.48
Assassin's Creed IV: Black Flag (Xbox 360),1070891195,FBA,0,2,0,20.68,41.36
Wipeout 3 - Nintendo Wii,1071047180,FBA,0,2,0,14.13,28.26
A Plague Tale: Innocence (PS4) - PlayStation 4,1071047161,FBA,0,2,0,22.68,45.36
Star Wars Jedi: Survivor Deluxe - Xbox Series X,1069890475,FBA,0,2,0,18.00,36.00
Just Dance 2018 - PlayStation 4,1039659165,FBA,0,2,0,15.97,31.94
Cabela's Hunting Expeditions - Nintendo Wii,1071047178,FBA,0,2,0,13.37,26.74
NBA 2K20 Nintendo Switch,1042456740,FBA,0,2,0,15.07,30.14
Need for Speed - Xbox One,1068811431,FBA,0,2,0,12.42,24.84
Tony Hawk's Proving Ground - PlayStation 2,1070891236,FBA,0,2,0,14.99,29.98
Teenage Mutant Ninja Turtles - Nintendo Wii,1023420581,FBA,0,2,0,19.88,39.75
ARK: Survival Evolved - Xbox One,1047886637,FBA,0,2,0,17.50,34.99
Shrek The Third - Sony PSP,1071283724,FBA,0,2,0,22.12,44.24
PAC-MAN World Re-PAC - PlayStation 4,1070280031,FBA,0,2,0,14.92,29.83
Family Feud: 2010 Edition,1071283732,FBA,0,2,0,16.24,32.47
Tom Clancy's The Division - PC,1070891243,FBA,0,2,0,15.99,31.98
Harry Potter and the Goblet of Fire - PlayStation 2,1070625051,FBA,0,2,0,16.96,33.92
Shrek Forever After - Nintendo Wii,1071517330,FBA,0,2,0,11.59,23.18
Nintendo Land,1036663415,FBA,0,2,0,19.34,38.68
Toy Soldiers: War Chest Hall of Fame Edition - Xbox One Standard Edition,1071133154,FBA,0,2,0,19.74,39.49
DEATHLOOP Standard Edition - PlayStation 5,1056263472,FBA,0,2,0,14.29,28.58
NCAA Football 09 - PlayStation 2,1071517326,FBA,0,2,0,19.99,39.98
Kinect Sports: Rivals - Xbox One,1071283750,FBA,0,2,0,18.68,37.35
Nickelodeon Kart Racers 3: Slime Speedway - PlayStation 4,1071517348,FBA,0,2,0,13.50,27.00
Nintendo Spongebob Squarepants: Battle for Bikini Bottom - Rehydrated (PS4) - Nintendo Switch,1071453882,FBA,0,2,0,16.20,32.40
Power Rangers: Battle for the Grid Collector's Edition (XB1) - Xbox One,1071047190,FBA,0,2,0,12.74,25.48
Monster Harvest - Nintendo Switch Standard Edition,1071133148,FBA,0,2,0,16.94,33.88
Trivial Pursuit - Nintendo Wii,1071290895,FBA,0,2,0,11.04,22.07
Vampire: The Masquerade - Swansong (PS4),1071453884,FBA,0,2,0,10.65,21.30
Minecraft Dungeons: Hero Edition – Xbox Series X & Xbox One,1057774272,FBA,0,2,0,18.25,36.50
Country Dance 2 - Nintendo Wii,1W-X1O9-BCAM,FBA,0,2,0,14.51,29.02
Crash Bandicoot N. Sane Trilogy - PC Standard Edition,1071047149,FBA,0,2,0,14.50,29.00
Race with Ryan - Nintendo Switch,1052397580,FBA,0,2,0,11.00,22.00
Just Dance 2016 - PlayStation 4,1071283719,FBA,0,2,0,19.28,38.57
Medal of Honor Warfighter - Xbox 360,1042137741,FBA,0,2,0,14.47,28.94
Wipeout 2 - Nintendo Wii,1071283737,FBA,0,2,0,10.88,21.77
Assassin’s Creed Syndicate - Xbox One,1068811437,FBA,0,2,0,12.50,25.00
Call of Duty: Black Ops III - Multiplayer Edition - PlayStation 3,1071379574,FBA,0,2,0,20.30,40.61
Darksiders II,1070891201,FBA,0,2,0,32.74,65.48
Rapala Pro Bass Fishing 2010 - PlayStation 2,1070891179,FBA,0,2,0,17.13,34.26
Call of Duty: Black Ops Cold War (PS5),1066662845,FBA,0,2,0,35.46,70.91
Lord of the Rings: War in the North - Xbox 360,1071379600,FBA,0,2,0,31.15,62.30
Sonic Free Riders - Xbox 360,V0-WD35-QK7L,FBA,0,2,0,15.50,31.00
Assassin's Creed Valhalla - PlayStation 5,1069286292,FBA,0,2,0,13.66,27.32
Dance Central 2 - Xbox 360,DL-GWVW-9XVQ,FBA,0,2,0,11.76,23.52
Cabela's African Adventures - Xbox 360,HM-A463-08AB,FBA,0,2,0,27.96,55.92
World War Z - PlayStation 4,1059738979,FBA,0,2,0,15.00,29.99
The Witcher 3: Wild Hunt Complete Edition - Xbox Series X,1069288408,FBA,0,2,0,21.00,42.00
Shrek Forever After - Xbox 360,1071283741,FBA,0,2,0,36.00,72.00
Minecraft Legends - Deluxe Edition PlayStation 4,1071133142,FBA,0,2,0,19.00,38.00
Body Glove DITA Triangle Slider Bikini Top Swimsuit,1060807369,FBA,0,2,0,7.50,15.00
Switch Title 3 -,1065946902,FBA,0,1,0,25.02,25.02
Sniper: Ghost Warrior - PC,1071047152,FBA,0,1,0,29.99,29.99
LEGO DC Super-Villains Deluxe Edition - Xbox One,1071379602,FBA,0,1,0,37.31,37.31
Zumba Fitness Core (Street 10/16),1037516891,FBA,0,1,0,9.49,9.49
Left 4 Dead 2,1071283704,FBA,0,1,0,26.77,26.77
Cabela's African Adventures - PlayStation 3,1070891226,FBA,0,1,0,23.24,23.24
"Chevrolet 20"" Genuine Distressed Vintage Style Bowtie Chevy Red White and Blue American Flag Oval Metal Embossed Sign",1031051620,FBA,0,1,0,12.99,12.99
FIFA 21 Champions Edition - PlayStation 4,1040614930,FBA,0,1,0,12.99,12.99
Wolfenstein: The New Order - PlayStation 4,RI-PBEM-71IY,FBA,0,1,0,25.32,25.32
Forza Motorsport 6 – Xbox One,1048894444,FBA,0,1,0,31.86,31.86
Just Dance 2014 - Nintendo Wii U,1043651640,FBA,0,1,0,12.99,12.99
Anthem: Legion of Dawn Edition - Xbox One,1038682427,FBA,0,1,0,18.75,18.75
Hitman: Absolution (Professional Edition) -Xbox 360,1024534207,FBA,0,1,0,29.65,29.65
FIFA 18 Legacy Edition (PS3),1071283713,FBA,0,1,0,33.75,33.75
LEGO Jurassic World - Xbox 360 Standard Edition,1042711537,FBA,0,1,0,24.62,24.62
Tiger Woods PGA Tour 2006 - PC,1071283707,FBA,0,1,0,16.86,16.86
Final Fantasy XV - Xbox One,1068329375,FBA,0,1,0,13.70,13.70
Team Sonic Racing - PlayStation 4,1069890497,FBA,0,1,0,22.39,22.39
Monster Energy Supercross 4 - PlayStation 5,1068866834,FBA,0,1,0,13.99,13.99
Agatha Christie: Hercule Poirot - The London Case (PS4),1071047163,FBA,0,1,0,20.00,20.00
Hitman 2 - PlayStation 4,1068811425,FBA,0,1,0,19.72,19.72
AC/DC Live: Rock Band Track Pack - Playstation 3,1071453876,FBA,0,1,0,20.00,20.00
DEAL OR NO DEAL WII,1034679220,FBA,0,1,0,10.50,10.50
Rock Band: Country Track Pack,1070891234,FBA,0,1,0,22.91,22.91
Tomb Raider,1071517331,FBA,0,1,0,16.62,16.62
Bakugan Battle Brawlers: Defenders of the Core - Playstation 3,1071283711,FBA,0,1,0,19.75,19.75
Farming Simulator - Xbox 360,1070891196,FBA,0,1,0,26.99,26.99
Middle-Earth: Shadow Of War Gold Edition - Xbox One,1032601832,FBA,0,1,0,22.45,22.45
EA Sports 2014 FIFA World Cup Brazil - PlayStation 3,1070891227,FBA,0,1,0,17.47,17.47
Gears of War: Ultimate Edition – Xbox One,1070280049,FBA,0,1,0,18.99,18.99
Miitopia - Nintendo 3DS,MF-WPSG-EN2O,FBA,0,1,0,27.95,27.95
Ultimate Board Game Collection - Nintendo Wii,1071379598,FBA,0,1,0,10.74,10.74
Maximum Games - Afterimage: Deluxe Edition (PS4),1071047162,FBA,0,1,0,21.77,21.77
NBA LIVE 18: The One Edition - PlayStation 4,1071379581,FBA,0,1,0,16.77,16.77
MX vs ATV All Out - Xbox One,1058202955,FBA,0,1,0,18.52,18.52
Resident Evil 7 biohazard - PlayStation 4 Standard Edition,1070625056,FBA,0,1,0,16.94,16.94
Assassin's Creed Revelations - PC,1071047148,FBA,0,1,0,13.15,13.15
Hitman: Absolution - Playstation 3,1071379575,FBA,0,1,0,15.00,15.00
Star Wars Jedi: Fallen Order - Xbox One,1063375781,FBA,0,1,0,13.77,13.77
Sonic Colors Ultimate: Launch Edition - Xbox Series X,1071453896,FBA,0,1,0,16.16,16.16
Trine Ultimate Collection (PS4) - PlayStation 4,1071453883,FBA,0,1,0,38.73,38.73
Rayman Origins,1071290903,FBA,0,1,0,24.76,24.76
BioShock Infinite - PC,1071379572,FBA,0,1,0,14.27,14.27
Assassin's Creed The Ezio Collection - Xbox One,1071517338,FBA,0,1,0,21.95,21.95
Tiger Woods PGA TOUR 13 - Playstation 3,1029788766,FBA,0,1,0,16.00,16.00
Splatoon,1028908801,FBA,0,1,0,27.94,27.94
Madden NFL 11 - Nintendo Wii,1047005450,FBA,0,1,0,7.77,7.77
Ghostwire: Tokyo Deluxe Edition - PlayStation 5,1071047172,FBA,0,1,0,46.99,46.99
Bakugan Battle Brawlers - Playstation 3,1071517327,FBA,0,1,0,31.50,31.50
Alien: Isolation - Xbox One,1039024293,FBA,0,1,0,30.00,30.00
Brothers In Arms: Hell's Highway - Playstation 3,1030433257,FBA,0,1,0,15.94,15.94
No More Heroes 3,1068811473,FBA,0,1,0,17.50,17.50
Go Vacation - Nintendo Wii,1071283733,FBA,0,1,0,20.76,20.76
Spyro Reignited Trilogy - Xbox One,1070474335,FBA,0,1,0,12.50,12.50
Diablo III: Ultimate Evil Edition - Xbox One,7D-C9F6-D83B,FBA,0,1,0,10.00,10.00
NBA 2K17 Standard Edition - PlayStation 4,1048220694,FBA,0,1,0,14.69,14.69
Nintendo LABO - Robot Kit,1053747161,FBA,0,1,0,33.02,33.02
Bayonetta - Xbox 360,1030900137,FBA,0,1,0,29.99,29.99
The Black Eyed Peas Experience - Nintendo Wii,1071453889,FBA,0,1,0,8.77,8.77
Harry Potter: Goblet of Fire - Sony PSP,1071047174,FBA,0,1,0,28.59,28.59
SimCity 4 Deluxe Edition - PC,1070891241,FBA,0,1,0,22.00,22.00
The Simpsons Game,1070891235,FBA,0,1,0,29.25,29.25
Deal or No Deal Special Edition - Nintendo Wii,1029492962,FBA,0,1,0,15.29,15.29
WWE SmackDown vs. Raw 2010 - Nintendo Wii,1071283738,FBA,0,1,0,17.77,17.77
Just Dance 2016 (Gold Edition) Xbox One,1070891187,FBA,0,1,0,16.37,16.37
Atelier Ryza 3: Alchemist of the End & the Secret Key - Nintendo Switch,1071517351,FBA,0,1,0,45.00,45.00
Battlefield V Deluxe Edition - PlayStation 4,1029788236,FBA,0,1,0,17.39,17.39
Anthem: Legion of Dawn Edition - PlayStation 4,1071133718,FBA,0,1,0,12.47,12.47
NBA 2K24 Black Mamba Edition - PlayStation 5,1071047173,FBA,0,1,0,24.99,24.99
Lego Indiana Jones: The Original Adventures,1071047150,FBA,0,1,0,9.00,9.00
Rapala Pro Bass Fishing 2010 - Xbox 360,1071047169,FBA,0,1,0,19.09,19.09
Naruto Shippuden: Ultimate Ninja Storm 4 Road to Boruto - Xbox One,1070891190,FBA,0,1,0,19.04,19.04
Fortnite - Anime Legends- PlayStation 4,1068811463,FBA,0,1,0,29.74,29.74
Plants Vs. Zombies: Battle for Neighborville - Xbox One,1063375936,FBA,0,1,0,13.87,13.87
New Carnival Games Bundle with Wii Motion Plus,1071283735,FBA,0,1,0,44.99,44.99
Sega Bass Fishing - Nintendo Wii,1071047179,FBA,0,1,0,11.94,11.94
Wreck-It Ralph - Nintendo Wii,1071453891,FBA,0,1,0,18.17,18.17
Ori and the Blind Forest: Definitive Edition - Xbox One,1071517337,FBA,0,1,0,34.00,34.00
UFC,1033469053,FBA,0,1,0,25.00,25.00
Fae Farm - Nintendo Switch (US Version),1071517365,FBA,0,1,0,24.99,24.99
Let's Sing Country: 2-Mic Bundle Edition - PlayStation 4,1071047167,FBA,0,1,0,37.94,37.94
Race With Ryan Road Trip Deluxe Edition Nintendo Switch,1070891173,FBA,0,1,0,12.50,12.50
PAC-MAN and the Ghostly Adventures 2 - PlayStation 3,1071379576,FBA,0,1,0,25.39,25.39
For Honor: Deluxe Edition (Includes Extra Content) - PlayStation 4,1070891218,FBA,0,1,0,21.50,21.50
Alien: Isolation - Nostromo Edition (Xbox One),1071283743,FBA,0,1,0,37.00,37.00
Pokemon Rumble World - Nintendo 3DS Standard Edition,HY-NVG6-LCCH,FBA,0,1,0,28.66,28.66
Tom Clancys H.A.W.X. (Xbox 360),1071380091,FBA,0,1,0,21.52,21.52
Shining Resonance Refrain: Draconic Launch Edition - Nintendo Switch,1071453886,FBA,0,1,0,49.97,49.97
Kinect Star Wars - Xbox 360,95-62BV-7O06,FBA,0,1,0,14.99,14.99
Need for Speed Payback - XBOX One,1068329376,FBA,0,1,0,12.77,12.77
WWE 2K20 - PlayStation 4,1033469061,FBA,0,1,0,16.19,16.19
Beyond A Steel Sky: Utopia Edition Nintendo Switch,1071283726,FBA,0,1,0,49.90,49.90
Rock Band: Country Track Pack - Xbox 360,1071517328,FBA,0,1,0,30.92,30.92
Kung Fu Panda - Playstation 3,1071283714,FBA,0,1,0,21.77,21.77
Tony Hawk Pro Skater 1+2 - Xbox Series X Standard Edition,1064185632,FBA,0,1,0,16.44,16.44
Prey - PlayStation 4,1071047194,FBA,0,1,0,25.00,25.00
Fire Emblem Warriors: Three Hopes - Switch,1071517347,FBA,0,1,0,24.99,24.99
Call of Duty: Modern Warfare 3 - Nintendo Wii,1063376019,FBA,0,1,0,13.73,13.73
Major League Baseball 2K9 - Nintendo Wii,1071453890,FBA,0,1,0,10.00,10.00
Way of the Hunter - PlayStation 5,1071283723,FBA,0,1,0,15.30,15.30
Chivalry 2 - PlayStation 4,1071379577,FBA,0,1,0,8.10,8.10
Call of Duty: Advanced Warfare - PlayStation 4,1037517086,FBA,0,1,0,17.15,17.15
Need for Speed Payback Deluxe Edition - PlayStation 4,1070891221,FBA,0,1,0,42.37,42.37
Utawarerumono: Mask of Truth - PlayStation Vita,1071517339,FBA,0,1,0,23.49,23.49
Destiny: The Taken King - Legendary Edition - Xbox One,1071517336,FBA,0,1,0,12.51,12.51
Bubble Bobble 4 Friends - The Baron Is Back! - Nintendo Switch Edition,1071379591,FBA,0,1,0,35.77,35.77
Wolfenstein: The Two-Pack - PlayStation 4,1071047170,FBA,0,1,0,49.90,49.90
FIFA 20 Legacy Edition Nintendo Switch,1071454126,FBA,0,1,0,30.00,30.00
Battlefield V - PlayStation 4,1056263378,FBA,0,1,0,19.99,19.99
Tiger Woods PGA Tour 09 - Sony PSP,1071379590,FBA,0,1,0,16.70,16.70
Far Cry 4 Complete Edition - Xbox One,GI-KHHZ-LSSM,FBA,0,1,0,22.00,22.00
"Dead Rising 2 - Xbox One, Standard Edition",1071453893,FBA,0,1,0,19.99,19.99
Star Wars The Clone Wars: Republic Heroes - Playstation 3,XU-64X3-LS9C,FBA,0,1,0,34.00,34.00
Harry Potter and the Half Blood Prince - PC,1071283703,FBA,0,1,0,24.50,24.50
Family Game Night 4: The Game Show - Xbox 360,1071047184,FBA,0,1,0,13.98,13.98
Warhammer: Vermintide 2 Deluxe Edition Xbox One - Xbox One,1029330262,FBA,0,1,0,21.99,21.99
"Brooks Women's Plunge Sports Bra for Running, Workouts & Sports - Navy/Ice Blue/Burnt Olive - XS",1062635346,FBA,0,1,0,12.00,12.00
Monster Energy Supercross 4 - PlayStation 4,1071283720,FBA,0,1,0,13.05,13.05
Command & Conquer: Red Alert 3,1071133152,FBA,0,1,0,20.12,20.12
Beyond A Steel Sky: Beyond A SteelBook Edition Nintendo Switch,1070891172,FBA,0,1,0,20.77,20.77
For Honor: Gold Edition (Includes Extra Content + Season Pass subscription) - PlayStation 4,1070891177,FBA,0,1,0,40.00,40.00
World of Outlaws Dirt Racing - Standard Edition XBOX Series X,1070280053,FBA,0,1,0,23.37,23.37
DISNEY INFINITY Starter Pack PS3,1071517335,FBA,0,1,0,45.00,45.00
Hobby Lobby Fudge Brownie Candle Tin,1069261942,FBA,0,1,0,8.99,8.99
How To Train Your Dragon - Nintendo Wii,1070891202,FBA,0,1,0,25.00,25.00
Comfortiva Alesha Gold 8.5 M (B),1059898575,FBA,0,1,0,29.00,29.00
WWE All Stars - Nintendo Wii,1071133151,FBA,0,1,0,19.45,19.45
Just Dance 2019 - Wii Standard Edition,1041418871,FBA,0,1,0,27.80,27.80
Beyond A Steel Sky: Beyond A SteelBook Edition (PS5),1071133143,FBA,0,1,0,16.43,16.43
ea sports nhl legacy edition - Xbox 360,1038681778,FBA,0,1,0,24.00,24.00
NBA 2K17 - Early Tip Off Edition - Xbox One,1049720080,FBA,0,1,0,14.64,14.64
Minecraft: Starter Collection – Xbox One,1068329410,FBA,0,1,0,23.49,23.49
Call Of Duty: Infinite Warfare (PS4),1070474316,FBA,0,1,0,13.00,13.00
Harry Potter and the Order of the Phoenix - PlayStation 2,1071453874,FBA,0,1,0,30.00,30.00
Blazing Angels 2: Secret Missions of WWII - Playstation 3,1071453877,FBA,0,1,0,14.99,14.99
Brunswick Pro Bowling (Requires Kinect) - Xbox 360,G9-FLYH-60TO,FBA,0,1,0,19.99,19.99
Mx Vs ATV Untamed - Nintendo Wii,1071283734,FBA,0,1,0,13.77,13.77
NOOB: The Factionless (PS5),1070891212,FBA,0,1,0,17.99,17.99
Body Glove Marlee High Waist Bikini Bottom Swimsuit,1060807372,FBA,0,1,0,7.50,7.50
fifa 16 - Xbox 360,1070474351,FBA,0,1,0,14.00,14.00
Plants vs Zombies Garden Warfare(Online Play Required) - PlayStation 4,1048220574,FBA,0,1,0,12.50,12.50
Tiger Woods PGA Tour 11 - Nintendo Wii,MV-147G-3IDD,FBA,0,1,0,16.47,16.47
Devil May Cry HD Collection - Playstation 3,1071047158,FBA,0,1,0,22.99,22.99
New Carnival Games - Nintendo Wii,1071379594,FBA,0,1,0,20.38,20.38
Pro Evolution Soccer 2018 - PlayStation 4 Standard Edition,1071379583,FBA,0,1,0,24.95,24.95
Hot Wheels Unleashed - Xbox One,1052572801,FBA,0,1,0,20.62,20.62
History Channel: Civil War: A Nation Divided - PlayStation 2,1071283710,FBA,0,1,0,19.35,19.35
UFC Personal Trainer - Nintendo Wii,1071379597,FBA,0,1,0,19.46,19.46
Taos Footwear Women's Captain Brown Boot 9-9.5 (M) US,1063162590,FBA,0,1,0,58.29,58.29
Sniper: Ghost Warrior 2 - Xbox 360,1026963555,FBA,0,1,0,22.00,22.00
Bee Movie Game - PlayStation 2,1071517325,FBA,0,1,0,18.86,18.86
Marvel Super Hero Squad The Infinity Gauntlet - Nintendo Wii,1023340967,FBA,0,1,0,14.77,14.77
The Adventures Of Tintin: The Game - Xbox 360,1071047181,FBA,0,1,0,18.77,18.77
Dragon Ball FighterZ Day One Edition - Xbox One,1071453894,FBA,0,1,0,20.23,20.23
Minecraft Legends Deluxe Edition: Xbox Series X and Xbox One,1068811441,FBA,0,1,0,17.10,17.10
Trivial Pursuit - Playstation 3,1071047159,FBA,0,1,0,12.99,12.99
The Grinch Christmas Adventures - Nintendo Switch,1071379593,FBA,0,1,0,15.62,15.62
Titanfall 2 Deluxe Edition - PlayStation 4,1026856831,FBA,0,1,0,30.00,30.00
Toy Story Mania for Xbox 360 Kinect,1071133153,FBA,0,1,0,19.39,19.39
"Star Wars Outlaws - Gold Edition, PlayStation 5",1070891214,FBA,0,1,0,34.00,34.00
Forza 4,1067108762,FBA,0,1,0,25.76,25.76
Transformers Rise of the Dark Spark - Wii U,1071453892,FBA,0,1,0,24.99,24.99
"Star Wars Outlaws - Gold Edition, Xbox Series X",1071283759,FBA,0,1,0,25.52,25.52
Crysis 2 - PC,1071133135,FBA,0,1,0,19.52,19.52
Tales from the Borderlands - Xbox One,1071379603,FBA,0,1,0,14.96,14.96
NHL 15 - PlayStation 3,1032375681,FBA,0,1,0,17.46,17.46
Brunswick Pro Bowling,1071047157,FBA,0,1,0,15.36,15.36
The Witcher 3 Game of the Year Edition (Xbox One),1070280051,FBA,0,1,0,13.02,13.02
